Workbook

Sheet MxEvents
A1: Aircraft | B1: MxEvent | C1: Start | D1: Duration | E1: ConstrainedTo | F1: MinimumDaysAfter | G1: MaximumDaysAfter
A2: Blue-1 | B2: Blue-1 A Check-1 | C2: =DATE(2026,1,1) + RANDBETWEEN(0,365) -> 46383 | D2: 60
A3: Blue-2 | B3: Blue-2 A Check-1 | C3: =DATE(2026,1,1) + RANDBETWEEN(0,365) -> 46231 | D3: 60
A4: Blue-3 | B4: Blue-3 A Check-1 | C4: =DATE(2026,1,1) + RANDBETWEEN(0,365) -> 46249 | D4: 60
A5: Blue-4 | B5: Blue-4 A Check-1 | C5: =DATE(2026,1,1) + RANDBETWEEN(0,365) -> 46116 | D5: 60
A6: Blue-5 | B6: Blue-5 A Check-1 | C6: =DATE(2026,1,1) + RANDBETWEEN(0,365) -> 46104 | D6: 60
A7: Blue-6 | B7: Blue-6 A Check-1 | C7: =DATE(2026,1,1) + RANDBETWEEN(0,365) -> 46126 | D7: 60
A8: Blue-7 | B8: Blue-7 A Check-1 | C8: =DATE(2026,1,1) + RANDBETWEEN(0,365) -> 46150 | D8: 60
A9: Blue-8 | B9: Blue-8 A Check-1 | C9: =DATE(2026,1,1) + RANDBETWEEN(0,365) -> 46039 | D9: 60
A10: Blue-9 | B10: Blue-9 A Check-1 | C10: =DATE(2026,1,1) + RANDBETWEEN(0,365) -> 46101 | D10: 60
A11: Blue-10 | B11: Blue-10 A Check-1 | C11: =DATE(2026,1,1) + RANDBETWEEN(0,365) -> 46356 | D11: 60
A12: Blue-1 | B12: Blue-1 A Check-2 | C12: =C2+RANDBETWEEN(F12,G12) -> 46712 | D12: 60 | E12: Blue-1 A Check-1 | F12: 320 | G12: 380
A13: Blue-2 | B13: Blue-2 A Check-2 | C13: =C3+RANDBETWEEN(F13,G13) -> 46579 | D13: 60 | E13: Blue-2 A Check-1 | F13: 320 | G13: 380
A14: Blue-3 | B14: Blue-3 A Check-2 | C14: =C4+RANDBETWEEN(F14,G14) -> 46598 | D14: 60 | E14: Blue-3 A Check-1 | F14: 320 | G14: 380
A15: Blue-4 | B15: Blue-4 A Check-2 | C15: =C5+RANDBETWEEN(F15,G15) -> 46443 | D15: 60 | E15: Blue-4 A Check-1 | F15: 320 | G15: 380
A16: Blue-5 | B16: Blue-5 A Check-2 | C16: =C6+RANDBETWEEN(F16,G16) -> 46470 | D16: 60 | E16: Blue-5 A Check-1 | F16: 320 | G16: 380
A17: Blue-6 | B17: Blue-6 A Check-2 | C17: =C7+RANDBETWEEN(F17,G17) -> 46475 | D17: 60 | E17: Blue-6 A Check-1 | F17: 320 | G17: 380
A18: Blue-7 | B18: Blue-7 A Check-2 | C18: =C8+RANDBETWEEN(F18,G18) -> 46493 | D18: 60 | E18: Blue-7 A Check-1 | F18: 320 | G18: 380
A19: Blue-8 | B19: Blue-8 A Check-2 | C19: =C9+RANDBETWEEN(F19,G19) -> 46399 | D19: 60 | E19: Blue-8 A Check-1 | F19: 320 | G19: 380
A20: Blue-9 | B20: Blue-9 A Check-2 | C20: =C10+RANDBETWEEN(F20,G20) -> 46478 | D20: 60 | E20: Blue-9 A Check-1 | F20: 320 | G20: 380
A21: Blue-10 | B21: Blue-10 A Check-2 | C21: =C11+RANDBETWEEN(F21,G21) -> 46734 | D21: 60 | E21: Blue-10 A Check-1 | F21: 320 | G21: 380
A22: Blue-1 | B22: Blue-1 A Check-3 | C22: =C12+RANDBETWEEN(F22,G22) -> 47064 | D22: 60 | E22: Blue-1 A Check-2 | F22: 320 | G22: 380
A23: Blue-2 | B23: Blue-2 A Check-3 | C23: =C13+RANDBETWEEN(F23,G23) -> 46949 | D23: 60 | E23: Blue-2 A Check-2 | F23: 320 | G23: 380
... A81: Blue-10 | B81: Blue-10 A Check-8 | C81: =C71+RANDBETWEEN(F81,G81) -> 48800 | D81: 60 | E81: Blue-10 A Check-7 | F81: 320 | G81: 380

Sheet Availability
A1: Date | B1: Num aircraft available
A2: 46023 | B2: {=10 - SUM(IF(A2>=MxEvents!C$2:C$81,IF(Availability!A2<MxEvents!C$2:C$81+MxEvents!D$2:D$81,1,0),0))} -> 10
A3: 46024 | B3: {=10 - SUM(IF(A3>=MxEvents!C$2:C$81,IF(Availability!A3<MxEvents!C$2:C$81+MxEvents!D$2:D$81,1,0),0))} -> 10
A4: 46025 | B4: {=10 - SUM(IF(A4>=MxEvents!C$2:C$81,IF(Availability!A4<MxEvents!C$2:C$81+MxEvents!D$2:D$81,1,0),0))} -> 10
A5: 46026 | B5: {=10 - SUM(IF(A5>=MxEvents!C$2:C$81,IF(Availability!A5<MxEvents!C$2:C$81+MxEvents!D$2:D$81,1,0),0))} -> 10
A6: 46027 | B6: {=10 - SUM(IF(A6>=MxEvents!C$2:C$81,IF(Availability!A6<MxEvents!C$2:C$81+MxEvents!D$2:D$81,1,0),0))} -> 10
A7: 46028 | B7: {=10 - SUM(IF(A7>=MxEvents!C$2:C$81,IF(Availability!A7<MxEvents!C$2:C$81+MxEvents!D$2:D$81,1,0),0))} -> 10
A8: 46029 | B8: {=10 - SUM(IF(A8>=MxEvents!C$2:C$81,IF(Availability!A8<MxEvents!C$2:C$81+MxEvents!D$2:D$81,1,0),0))} -> 10
A9: 46030 | B9: {=10 - SUM(IF(A9>=MxEvents!C$2:C$81,IF(Availability!A9<MxEvents!C$2:C$81+MxEvents!D$2:D$81,1,0),0))} -> 10
A10: 46031 | B10: {=10 - SUM(IF(A10>=MxEvents!C$2:C$81,IF(Availability!A10<MxEvents!C$2:C$81+MxEvents!D$2:D$81,1,0),0))} -> 10
A11: 46032 | B11: {=10 - SUM(IF(A11>=MxEvents!C$2:C$81,IF(Availability!A11<MxEvents!C$2:C$81+MxEvents!D$2:D$81,1,0),0))} -> 10
A12: 46033 | B12: {=10 - SUM(IF(A12>=MxEvents!C$2:C$81,IF(Availability!A12<MxEvents!C$2:C$81+MxEvents!D$2:D$81,1,0),0))} -> 10
A13: 46034 | B13: {=10 - SUM(IF(A13>=MxEvents!C$2:C$81,IF(Availability!A13<MxEvents!C$2:C$81+MxEvents!D$2:D$81,1,0),0))} -> 10
... A560: 46581 | B560: {=10 - SUM(IF(A560>=MxEvents!C$2:C$81,IF(Availability!A560<MxEvents!C$2:C$81+MxEvents!D$2:D$81,1,0),0))} -> 9
