Workbook

Sheet Summary
A2: Maintenance optimiser parameter results
A4: Recommended shared setting: Current ladder with a 400-iteration limit
A5: Moves tested: ±56, ±42, ±28, ±14, ±7, ±3 and ±1 days, in that order.
A7: Best tested setting for each dataset
A8: Dataset | B8: Best strategy | C8: Iteration limit | D8: Minimum available | E8: Variability (SD) | F8: Average available | G8: Runtime (sec)
A9: ='All trials'!A8 -> Original | B9: ='All trials'!B8 -> Baseline plus 42 days | C9: ='All trials'!C8 -> 400 | D9: ='All trials'!E8 -> 18 | E9: ='All trials'!F8 -> 1.4019288 | F9: ='All trials'!G8 -> 21.707601 | G9: ='All trials'!K8 -> 13.199567
A10: ='All trials'!A20 -> Moderate stagger | B10: ='All trials'!B20 -> Current ladder | C10: ='All trials'!C20 -> 400 | D10: ='All trials'!E20 -> 19 | E10: ='All trials'!F20 -> 0.88341888 | F10: ='All trials'!G20 -> 21.469071 | G10: ='All trials'!K20 -> 14.403651
A11: ='All trials'!A32 -> Wide stagger | B11: ='All trials'!B32 -> Current ladder | C11: ='All trials'!C32 -> 400 | D11: ='All trials'!E32 -> 20 | E11: ='All trials'!F32 -> 0.58679705 | F11: ='All trials'!G32 -> 21.475006 | G11: ='All trials'!K32 -> 12.114288
A14: Why use a 400-iteration limit
A15: 400 and 800 reached exactly the same quality in 11 of 12 dataset–strategy comparisons.
A16: The current ladder finished naturally on all three datasets by pass 368; 800 gave it no quality gain.
A17: The dense-pair strategy on Moderate stagger was the only comparison that improved at 800.
A18: 200 reached its limit in all 12 runs. All 36 schedules passed the implemented maintenance rules.
A20: Shift strategies
A21: Baseline | B21: (-28, -14, 14, 28); (-14, -7, 7, 14); (-7, -3, 3, 7); (-3, -1, 1, 3)
A22: Current ladder | B22: ±56; ±42; ±28; ±14; ±7; ±3; ±1
A23: Dense pairs | B23: ±28; ±21; ±14; ±7; ±3; ±1
A24: Baseline plus 42 days | B24: ±42 first, then the four baseline shift sets
A25: Shifts are in days. Semicolons separate successive neighbourhoods; ± means both earlier and later.
A27: Search stopped: “No improving move” means none of the configured shifts improved the schedule.
A28: “Iteration limit reached” means the search used its full budget and may still improve with more passes.
A29: Runtime is one observed search run per trial; loading and validation are excluded.
A30: Reporting window: 21 January 2026 to 18 January 2038. Source: summary.csv and accompanying report.

Sheet All trials
A2: All optimiser trials
A3: Use the column filters to compare a dataset, strategy or iteration limit. Rank 1 is best; exact ties share a rank.
A4: Compare minimum availability first, then lower SD, then higher average. SD and availability are measured in aircraft.
A5: Source: summary.csv. All 36 trials retained. Technical identifiers and exact scores are in columns M–R.
A7: Dataset | B7: Strategy | C7: Iteration limit | D7: Rank in dataset | E7: Minimum available | F7: Variability (SD) | G7: Average available | H7: Search passes | I7: Accepted moves | J7: Search stopped | K7: Runtime (sec) | L7: Rules met | M7: Ordered shift sets (days) | N7: Trial ID | O7: Strategy key | P7: Exact quality score | Q7: No improving move | R7: Endpoint SHA256
A8: Original | B8: Baseline plus 42 days | C8: 400 | D8: 1 | E8: 18 | F8: 1.4019288 | G8: 21.707601 | H8: 303 | I8: 302 | J8: No improving move | K8: 13.199567 | L8: Yes | M8: [[-42,42],[-28,-14,14,28],[-14,-7,7,14],[-7,-3,3,7],[-3,-1,1,3]] | N8: original:half_step_plus_42:400 | O8: half_step_plus_42 | P8: [18.0,-1.4019288312784548,21.707601004336908] | Q8: TRUE | R8: 67ef22ffbe4f6e386355fd9c14690f08cc5f88aee8132793c8fe40d1b72e419a
A9: Original | B9: Baseline plus 42 days | C9: 800 | D9: 1 | E9: 18 | F9: 1.4019288 | G9: 21.707601 | H9: 303 | I9: 302 | J9: No improving move | K9: 13.439584 | L9: Yes | M9: [[-42,42],[-28,-14,14,28],[-14,-7,7,14],[-7,-3,3,7],[-3,-1,1,3]] | N9: original:half_step_plus_42:800 | O9: half_step_plus_42 | P9: [18.0,-1.4019288312784548,21.707601004336908] | Q9: TRUE | R9: 67ef22ffbe4f6e386355fd9c14690f08cc5f88aee8132793c8fe40d1b72e419a
A10: Original | B10: Baseline | C10: 400 | D10: 3 | E10: 18 | F10: 1.4040877 | G10: 21.70509 | H10: 301 | I10: 300 | J10: No improving move | K10: 12.546869 | L10: Yes | M10: [[-28,-14,14,28],[-14,-7,7,14],[-7,-3,3,7],[-3,-1,1,3]] | N10: original:historical_half_step:400 | O10: historical_half_step | P10: [18.0,-1.4040877233788351,21.705090162063456] | Q10: TRUE | R10: 4c9b91ebf397257d694bbe4aab74db67d91a62608587f7fab43c82b12da3da2d
A11: Original | B11: Baseline | C11: 800 | D11: 3 | E11: 18 | F11: 1.4040877 | G11: 21.70509 | H11: 301 | I11: 300 | J11: No improving move | K11: 12.613262 | L11: Yes | M11: [[-28,-14,14,28],[-14,-7,7,14],[-7,-3,3,7],[-3,-1,1,3]] | N11: original:historical_half_step:800 | O11: historical_half_step | P11: [18.0,-1.4040877233788351,21.705090162063456] | Q11: TRUE | R11: 4c9b91ebf397257d694bbe4aab74db67d91a62608587f7fab43c82b12da3da2d
A12: Original | B12: Current ladder | C12: 400 | D12: 5 | E12: 18 | F12: 1.4097224 | G12: 21.707601 | H12: 333 | I12: 332 | J12: No improving move | K12: 12.298244 | L12: Yes | M12: [[-56,56],[-42,42],[-28,28],[-14,14],[-7,7],[-3,3],[-1,1]] | N12: original:live_wide_to_fine:400 | O12: live_wide_to_fine | P12: [18.0,-1.409722402909654,21.707601004336908] | Q12: TRUE | R12: 9f8be569b7bf145d1cc4734b3a2ca2577bdf35e0d9bf73148da831359b35f835
A13: Original | B13: Current ladder | C13: 800 | D13: 5 | E13: 18 | F13: 1.4097224 | G13: 21.707601 | H13: 333 | I13: 332 | J13: No improving move | K13: 12.469581 | L13: Yes | M13: [[-56,56],[-42,42],[-28,28],[-14,14],[-7,7],[-3,3],[-1,1]] | N13: original:live_wide_to_fine:800 | O13: live_wide_to_fine | P13: [18.0,-1.409722402909654,21.707601004336908] | Q13: TRUE | R13: 9f8be569b7bf145d1cc4734b3a2ca2577bdf35e0d9bf73148da831359b35f835
A14: Original | B14: Dense pairs | C14: 400 | D14: 7 | E14: 18 | F14: 1.4106121 | G14: 21.703721 | H14: 316 | I14: 315 | J14: No improving move | K14: 11.908696 | L14: Yes | M14: [[-28,28],[-21,21],[-14,14],[-7,7],[-3,3],[-1,1]] | N14: original:dense_pairs:400 | O14: dense_pairs | P14: [18.0,-1.410612057291582,21.703720611732482] | Q14: TRUE | R14: c3358c58616ce4619b67d68af1849dd48d603fa1fbec2d7417ec9c6a6f75508b
A15: Original | B15: Dense pairs | C15: 800 | D15: 7 | E15: 18 | F15: 1.4106121 | G15: 21.703721 | H15: 316 | I15: 315 | J15: No improving move | K15: 11.898127 | L15: Yes | M15: [[-28,28],[-21,21],[-14,14],[-7,7],[-3,3],[-1,1]] | N15: original:dense_pairs:800 | O15: dense_pairs | P15: [18.0,-1.410612057291582,21.703720611732482] | Q15: TRUE | R15: c3358c58616ce4619b67d68af1849dd48d603fa1fbec2d7417ec9c6a6f75508b
A16: Original | B16: Baseline | C16: 200 | D16: 9 | E16: 18 | F16: 1.4296792 | G16: 21.700753 | H16: 200 | I16: 200 | J16: Iteration limit reached | K16: 4.0678142 | L16: Yes | M16: [[-28,-14,14,28],[-14,-7,7,14],[-7,-3,3,7],[-3,-1,1,3]] | N16: original:historical_half_step:200 | O16: historical_half_step | P16: [18.0,-1.4296791743218644,21.700753252682038] | Q16: FALSE | R16: 7d8c2eb85b3666f55fbe4a36ac63ee04b3279c00369beee99525952c9fc89205
A17: Original | B17: Baseline plus 42 days | C17: 200 | D17: 10 | E17: 18 | F17: 1.4348673 | G17: 21.704634 | H17: 200 | I17: 200 | J17: Iteration limit reached | K17: 4.2557869 | L17: Yes | M17: [[-42,42],[-28,-14,14,28],[-14,-7,7,14],[-7,-3,3,7],[-3,-1,1,3]] | N17: original:half_step_plus_42:200 | O17: half_step_plus_42 | P17: [18.0,-1.4348672709141204,21.704633645286464] | Q17: FALSE | R17: db4bde5669bf02a9132351e09ca4fa60882825f13da915261220594f4c82f768
A18: Original | B18: Current ladder | C18: 200 | D18: 11 | E18: 18 | F18: 1.4611026 | G18: 21.703036 | H18: 200 | I18: 200 | J18: Iteration limit reached | K18: 3.9521319 | L18: Yes | M18: [[-56,56],[-42,42],[-28,28],[-14,14],[-7,7],[-3,3],[-1,1]] | N18: original:live_wide_to_fine:200 | O18: live_wide_to_fine | P18: [18.0,-1.4611025738109247,21.703035836566993] | Q18: FALSE | R18: fca95b5bccd29f3ab101f82213a7fc6d6f72100ff061c6bf03011d08b445ab46
A19: Original | B19: Dense pairs | C19: 200 | D19: 12 | E19: 17 | F19: 1.4501287 | G19: 21.700753 | H19: 200 | I19: 200 | J19: Iteration limit reached | K19: 3.3665121 | L19: Yes | M19: [[-28,28],[-21,21],[-14,14],[-7,7],[-3,3],[-1,1]] | N19: original:dense_pairs:200 | O19: dense_pairs | P19: [17.0,-1.4501286859177562,21.700753252682038] | Q19: FALSE | R19: f2336dfdea0a294b45220c975757ea08e508bb850d92e921151ee4dee568e5c3
... A43: Wide stagger | B43: Dense pairs | C43: 200 | D43: 12 | E43: 19 | F43: 0.73033917 | G43: 21.476375 | H43: 200 | I43: 200 | J43: Iteration limit reached | K43: 2.7617647 | L43: Yes | M43: [[-28,28],[-21,21],[-14,14],[-7,7],[-3,3],[-1,1]] | N43: wide:dense_pairs:200 | O43: dense_pairs | P43: [19.0,-0.7303391724377386,21.476375256790686] | Q43: FALSE | R43: 60a36dceaa9149e40f8d9dca15a6b9886dea22043b8f8722a0b68fea55a96664
